booking_date,bookings,average_adr,average_lead_time
2023-08-01,6,96.325,41.0
2023-08-02,6,127.95166666666667,27.833333333333332
2023-08-03,6,85.035,25.166666666666668
2023-08-04,8,111.96625,25.875
2023-08-05,4,57.4575,29.0
2023-08-06,6,100.72833333333334,28.0
2023-08-07,9,80.14,33.44444444444444
2023-08-08,4,88.0475,32.0
2023-08-09,6,99.18666666666667,38.0
2023-08-10,3,47.403333333333336,17.333333333333332
2023-08-11,4,109.4,31.0
2023-08-12,2,65.6,35.5
2023-08-13,7,123.32428571428571,38.0
2023-08-14,11,102.81,35.36363636363637
2023-08-15,13,80.69615384615385,46.76923076923077
2023-08-16,4,103.39,21.0
2023-08-17,9,143.6277777777778,32.55555555555556
2023-08-18,6,90.34166666666665,30.666666666666668
2023-08-19,12,89.72583333333334,29.583333333333332
2023-08-20,8,107.0625,34.75
2023-08-21,7,99.44000000000001,39.285714285714285
2023-08-22,11,123.52090909090909,24.0
2023-08-23,9,88.45222222222222,35.111111111111114
2023-08-24,10,118.579,41.7
2023-08-25,5,91.97999999999999,37.8
2023-08-26,9,107.6588888888889,29.666666666666668
2023-08-27,7,99.99285714285715,24.142857142857142
2023-08-28,9,103.75,36.0
2023-08-29,3,103.00333333333333,23.333333333333332
2023-08-30,4,96.34,15.75
2023-08-31,10,101.793,28.2
2023-09-01,2,83.035,49.5
2023-09-02,1,158.59,20.0
2023-09-03,2,73.935,46.0
2023-09-04,5,93.74,20.6
2023-09-05,5,100.322,40.6
2023-09-06,11,108.61090909090909,33.81818181818182
2023-09-07,7,103.26142857142858,29.285714285714285
2023-09-08,5,75.048,33.8
2023-09-09,3,53.26333333333334,49.333333333333336
2023-09-10,5,76.622,37.2
2023-09-11,6,80.85833333333333,23.333333333333332
2023-09-12,7,101.11142857142856,28.571428571428573
2023-09-13,7,124.15428571428572,29.285714285714285
2023-09-14,8,92.225,18.375
2023-09-15,7,84.22,32.857142857142854
2023-09-16,8,110.96625,22.5
2023-09-17,6,74.34,28.666666666666668
2023-09-18,10,98.44500000000001,29.2
2023-09-19,6,125.585,16.5
2023-09-20,5,95.364,32.4
2023-09-21,6,101.45833333333333,35.166666666666664
2023-09-22,2,89.10499999999999,37.5
2023-09-23,3,138.43,23.333333333333332
2023-09-24,2,102.105,37.0
2023-09-25,6,76.87666666666667,45.333333333333336
2023-09-26,9,109.88666666666667,27.88888888888889
2023-09-27,5,95.72,20.6
2023-09-28,5,130.06,39.6
2023-09-29,2,55.370000000000005,14.0
2023-09-30,2,135.73,55.0
2023-10-01,4,98.4425,22.25
2023-10-02,8,94.28125,38.75
2023-10-03,8,69.24375,22.5
2023-10-04,5,122.276,29.0
2023-10-05,4,86.94,37.25
2023-10-06,14,100.17,25.285714285714285
2023-10-07,7,136.6942857142857,25.285714285714285
2023-10-08,11,79.98818181818181,26.363636363636363
2023-10-09,7,106.37428571428572,26.428571428571427
2023-10-10,12,109.09250000000002,28.166666666666668
2023-10-11,6,96.26166666666666,23.333333333333332
2023-10-12,8,100.96625,22.75
2023-10-13,6,112.22666666666667,32.0
2023-10-14,4,157.055,27.25
2023-10-15,7,66.29571428571428,33.42857142857143
2023-10-16,7,82.83285714285715,10.285714285714286
2023-10-17,10,105.825,20.2
2023-10-18,6,118.78833333333334,28.0
2023-10-19,7,92.17714285714285,30.428571428571427
2023-10-20,4,124.235,38.25
2023-10-21,7,67.11714285714285,31.0
2023-10-22,7,106.55,22.857142857142858
2023-10-23,11,94.0281818181818,25.818181818181817
2023-10-24,9,79.0788888888889,21.444444444444443
2023-10-25,3,68.76666666666667,36.0
2023-10-26,6,72.55499999999999,37.666666666666664
2023-10-27,7,79.19857142857143,34.714285714285715
2023-10-28,7,92.21428571428571,37.0
2023-10-29,3,84.01,44.333333333333336
2023-10-30,9,95.05000000000001,25.88888888888889
2023-10-31,6,102.70333333333333,28.333333333333332
2023-11-01,7,149.12857142857143,24.142857142857142
2023-11-02,4,99.505,40.75
2023-11-03,7,103.80714285714285,24.142857142857142
2023-11-04,5,88.942,19.8
2023-11-05,8,118.5625,33.5
2023-11-06,10,76.86800000000001,26.9
2023-11-07,3,70.64,33.666666666666664
2023-11-08,8,124.15375,33.625
2023-11-09,5,91.562,15.8
2023-11-10,11,79.17272727272727,25.454545454545453
2023-11-11,7,128.2642857142857,31.857142857142858
2023-11-12,4,101.6325,30.0
2023-11-13,9,99.83,19.666666666666668
2023-11-14,3,147.67666666666665,29.333333333333332
2023-11-15,7,106.16857142857143,27.0
2023-11-16,7,119.02714285714286,35.42857142857143
2023-11-17,3,127.77333333333333,19.0
2023-11-18,5,95.25399999999999,33.8
2023-11-19,9,92.71111111111111,31.0
2023-11-20,7,79.06285714285714,43.285714285714285
2023-11-21,11,84.49636363636364,26.727272727272727
2023-11-22,4,65.92,31.75
2023-11-23,7,74.49714285714286,23.142857142857142
2023-11-24,3,58.220000000000006,35.0
2023-11-25,6,70.545,35.833333333333336
2023-11-26,8,100.345,25.625
2023-11-27,7,88.22857142857143,28.714285714285715
2023-11-28,15,89.32133333333333,32.333333333333336
2023-11-29,8,115.7425,34.25
2023-11-30,9,100.80222222222223,28.333333333333332
2023-12-01,7,91.21857142857142,30.571428571428573
2023-12-02,9,103.01444444444445,39.22222222222222
2023-12-03,3,167.95666666666668,21.0
2023-12-04,5,79.22,24.4
2023-12-05,9,71.5,16.333333333333332
2023-12-06,7,80.88857142857144,23.285714285714285
2023-12-07,8,101.2875,28.25
2023-12-08,8,62.36875,34.0
2023-12-09,9,119.50111111111111,31.0
2023-12-10,5,77.90599999999999,40.6
2023-12-11,4,95.2325,31.25
2023-12-12,3,68.96666666666665,35.333333333333336
2023-12-13,3,84.52,23.333333333333332
2023-12-14,3,103.36666666666667,24.333333333333332
2023-12-15,7,94.76285714285714,21.857142857142858
2023-12-16,5,105.946,32.2
2023-12-17,4,96.3,28.5
2023-12-18,4,63.85,41.0
2023-12-19,9,75.07222222222222,30.77777777777778
2023-12-20,12,106.23166666666667,33.75
2023-12-21,5,91.47200000000001,20.8
2023-12-22,10,91.402,28.1
2023-12-23,2,59.394999999999996,16.0
2023-12-24,10,100.865,19.4
2023-12-25,8,105.69875,34.0
2023-12-26,8,95.7425,26.0
2023-12-27,11,107.0490909090909,33.18181818181818
2023-12-28,6,182.61333333333334,32.5
2023-12-29,3,113.15333333333332,34.333333333333336
2023-12-30,4,105.22,29.0
2023-12-31,6,86.22500000000001,38.166666666666664
